haspromotion,1,1
haspromotion,1,2
haspromotion,1,3
haspromotion,1,4
haspromotion,1,5
haspromotion,1,6
haspromotion,1,7
haspromotion,1,8
haspromotion,1,9
haspromotion,1,10
haspromotion,1,11
haspromotion,1,12
haspromotion,1,13
haspromotion,1,14
haspromotion,1,15
haspromotion,1,16
haspromotion,1,17
haspromotion,1,18
haspromotion,1,19
haspromotion,1,20
haspromotion,1,21
haspromotion,1,22
haspromotion,1,23
haspromotion,1,24
haspromotion,1,25
haspromotion,2,1
haspromotion,2,2
haspromotion,2,3
haspromotion,2,4
haspromotion,2,5
haspromotion,2,6
haspromotion,2,7
haspromotion,2,8
haspromotion,2,9
haspromotion,2,10
haspromotion,2,11
haspromotion,2,12
haspromotion,2,13
haspromotion,2,14
haspromotion,2,15
haspromotion,2,16
haspromotion,2,17
haspromotion,2,18
haspromotion,2,19
haspromotion,2,20
haspromotion,2,21
haspromotion,2,22
haspromotion,2,23
haspromotion,2,24
haspromotion,2,25
haspromotion,3,1
haspromotion,3,2
haspromotion,3,3
haspromotion,3,4
haspromotion,3,5
haspromotion,3,6
haspromotion,3,7
haspromotion,3,8
haspromotion,3,9
haspromotion,3,10
haspromotion,3,11
haspromotion,3,12
haspromotion,3,13
haspromotion,3,14
haspromotion,3,15
haspromotion,3,16
haspromotion,3,17
haspromotion,3,18
haspromotion,3,19
haspromotion,3,20
haspromotion,3,21
haspromotion,3,22
haspromotion,3,23
haspromotion,3,24
haspromotion,3,25
haspromotion,4,1
haspromotion,4,2
haspromotion,4,3
haspromotion,4,4
haspromotion,4,5
haspromotion,4,6
haspromotion,4,7
haspromotion,4,8
haspromotion,4,9
haspromotion,4,10
haspromotion,4,11
haspromotion,4,12
haspromotion,4,13
haspromotion,4,14
haspromotion,4,15
haspromotion,4,16
haspromotion,4,17
haspromotion,4,18
haspromotion,4,19
haspromotion,4,20
haspromotion,4,21
haspromotion,4,22
haspromotion,4,23
haspromotion,4,24
haspromotion,4,25
haspromotion,5,1
haspromotion,5,2
haspromotion,5,3
haspromotion,5,4
haspromotion,5,5
haspromotion,5,6
haspromotion,5,7
haspromotion,5,8
haspromotion,5,9
haspromotion,5,10
haspromotion,5,11
haspromotion,5,12
haspromotion,5,13
haspromotion,5,14
haspromotion,5,15
haspromotion,5,16
haspromotion,5,17
haspromotion,5,18
haspromotion,5,19
haspromotion,5,20
haspromotion,5,21
haspromotion,5,22
haspromotion,5,23
haspromotion,5,24
haspromotion,5,25
haspromotion,6,1
haspromotion,6,2
haspromotion,6,3
haspromotion,6,4
haspromotion,6,5
haspromotion,6,6
haspromotion,6,7
haspromotion,6,8
haspromotion,6,9
haspromotion,6,10
haspromotion,6,11
haspromotion,6,12
haspromotion,6,13
haspromotion,6,14
haspromotion,6,15
haspromotion,6,16
haspromotion,6,17
haspromotion,6,18
haspromotion,6,19
haspromotion,6,20
haspromotion,6,21
haspromotion,6,22
haspromotion,6,23
haspromotion,6,24
haspromotion,6,25
haspromotion,7,1
haspromotion,7,2
haspromotion,7,3
haspromotion,7,4
haspromotion,7,5
haspromotion,7,6
haspromotion,7,7
haspromotion,7,8
haspromotion,7,9
haspromotion,7,10
haspromotion,7,11
haspromotion,7,12
haspromotion,7,13
haspromotion,7,14
haspromotion,7,15
haspromotion,7,16
haspromotion,7,17
haspromotion,7,18
haspromotion,7,19
haspromotion,7,20
haspromotion,7,21
haspromotion,7,22
haspromotion,7,23
haspromotion,7,24
haspromotion,7,25
haspromotion,8,1
haspromotion,8,2
haspromotion,8,3
haspromotion,8,4
haspromotion,8,5
haspromotion,8,6
haspromotion,8,7
haspromotion,8,8
haspromotion,8,9
haspromotion,8,10
haspromotion,8,11
haspromotion,8,12
haspromotion,8,13
haspromotion,8,14
haspromotion,8,15
haspromotion,8,16
haspromotion,8,17
haspromotion,8,18
haspromotion,8,19
haspromotion,8,20
haspromotion,8,21
haspromotion,8,22
haspromotion,8,23
haspromotion,8,24
haspromotion,8,25
haspromotion,9,1
haspromotion,9,2
haspromotion,9,3
haspromotion,9,4
haspromotion,9,5
haspromotion,9,6
haspromotion,9,7
haspromotion,9,8
haspromotion,9,9
haspromotion,9,10
haspromotion,9,11
haspromotion,9,12
haspromotion,9,13
haspromotion,9,14
haspromotion,9,15
haspromotion,9,16
haspromotion,9,17
haspromotion,9,18
haspromotion,9,19
haspromotion,9,20
haspromotion,9,21
haspromotion,9,22
haspromotion,9,23
haspromotion,9,24
haspromotion,9,25
haspromotion,10,1
haspromotion,10,2
haspromotion,10,3
haspromotion,10,4
haspromotion,10,5
haspromotion,10,6
haspromotion,10,7
haspromotion,10,8
haspromotion,10,9
haspromotion,10,10
haspromotion,10,11
haspromotion,10,12
haspromotion,10,13
haspromotion,10,14
haspromotion,10,15
haspromotion,10,16
haspromotion,10,17
haspromotion,10,18
haspromotion,10,19
haspromotion,10,20
haspromotion,10,21
haspromotion,10,22
haspromotion,10,23
haspromotion,10,24
haspromotion,10,25
haspromotion,11,1
haspromotion,11,2
haspromotion,11,3
haspromotion,11,4
haspromotion,11,5
haspromotion,11,6
haspromotion,11,7
haspromotion,11,8
haspromotion,11,9
haspromotion,11,10
haspromotion,11,11
haspromotion,11,12
haspromotion,11,13
haspromotion,11,14
haspromotion,11,15
haspromotion,11,16
haspromotion,11,17
haspromotion,11,18
haspromotion,11,19
haspromotion,11,20
haspromotion,11,21
haspromotion,11,22
haspromotion,11,23
haspromotion,11,24
haspromotion,11,25
haspromotion,12,1
haspromotion,12,2
haspromotion,12,3
haspromotion,12,4
haspromotion,12,5
haspromotion,12,6
haspromotion,12,7
haspromotion,12,8
haspromotion,12,9
haspromotion,12,10
haspromotion,12,11
haspromotion,12,12
haspromotion,12,13
haspromotion,12,14
haspromotion,12,15
haspromotion,12,16
haspromotion,12,17
haspromotion,12,18
haspromotion,12,19
haspromotion,12,20
haspromotion,12,21
haspromotion,12,22
haspromotion,12,23
haspromotion,12,24
haspromotion,12,25
haspromotion,13,1
haspromotion,13,2
haspromotion,13,3
haspromotion,13,4
haspromotion,13,5
haspromotion,13,6
haspromotion,13,7
haspromotion,13,8
haspromotion,13,9
haspromotion,13,10
haspromotion,13,11
haspromotion,13,12
haspromotion,13,13
haspromotion,13,14
haspromotion,13,15
haspromotion,13,16
haspromotion,13,17
haspromotion,13,18
haspromotion,13,19
haspromotion,13,20
haspromotion,13,21
haspromotion,13,22
haspromotion,13,23
haspromotion,13,24
haspromotion,13,25
haspromotion,14,1
haspromotion,14,2
haspromotion,14,3
haspromotion,14,4
haspromotion,14,5
haspromotion,14,6
haspromotion,14,7
haspromotion,14,8
haspromotion,14,9
haspromotion,14,10
haspromotion,14,11
haspromotion,14,12
haspromotion,14,13
haspromotion,14,14
haspromotion,14,15
haspromotion,14,16
haspromotion,14,17
haspromotion,14,18
haspromotion,14,19
haspromotion,14,20
haspromotion,14,21
haspromotion,14,22
haspromotion,14,23
haspromotion,14,24
haspromotion,14,25
haspromotion,15,1
haspromotion,15,2
haspromotion,15,3
haspromotion,15,4
haspromotion,15,5
haspromotion,15,6
haspromotion,15,7
haspromotion,15,8
haspromotion,15,9
haspromotion,15,10
haspromotion,15,11
haspromotion,15,12
haspromotion,15,13
haspromotion,15,14
haspromotion,15,15
haspromotion,15,16
haspromotion,15,17
haspromotion,15,18
haspromotion,15,19
haspromotion,15,20
haspromotion,15,21
haspromotion,15,22
haspromotion,15,23
haspromotion,15,24
haspromotion,15,25
haspromotion,16,1
haspromotion,16,2
haspromotion,16,3
haspromotion,16,4
haspromotion,16,5
haspromotion,16,6
haspromotion,16,7
haspromotion,16,8
haspromotion,16,9
haspromotion,16,10
haspromotion,16,11
haspromotion,16,12
haspromotion,16,13
haspromotion,16,14
haspromotion,16,15
haspromotion,16,16
haspromotion,16,17
haspromotion,16,18
haspromotion,16,19
haspromotion,16,20
haspromotion,16,21
haspromotion,16,22
haspromotion,16,23
haspromotion,16,24
haspromotion,16,25
haspromotion,17,1
haspromotion,17,2
haspromotion,17,3
haspromotion,17,4
haspromotion,17,5
haspromotion,17,6
haspromotion,17,7
haspromotion,17,8
haspromotion,17,9
haspromotion,17,10
haspromotion,17,11
haspromotion,17,12
haspromotion,17,13
haspromotion,17,14
haspromotion,17,15
haspromotion,17,16
haspromotion,17,17
haspromotion,17,18
haspromotion,17,19
haspromotion,17,20
haspromotion,17,21
haspromotion,17,22
haspromotion,17,23
haspromotion,17,24
haspromotion,17,25
haspromotion,18,1
haspromotion,18,2
haspromotion,18,3
haspromotion,18,4
haspromotion,18,5
haspromotion,18,6
haspromotion,18,7
haspromotion,18,8
haspromotion,18,9
haspromotion,18,10
haspromotion,18,11
haspromotion,18,12
haspromotion,18,13
haspromotion,18,14
haspromotion,18,15
haspromotion,18,16
haspromotion,18,17
haspromotion,18,18
haspromotion,18,19
haspromotion,18,20
haspromotion,18,21
haspromotion,18,22
haspromotion,18,23
haspromotion,18,24
haspromotion,18,25
haspromotion,19,1
haspromotion,19,2
haspromotion,19,3
haspromotion,19,4
haspromotion,19,5
haspromotion,19,6
haspromotion,19,7
haspromotion,19,8
haspromotion,19,9
haspromotion,19,10
haspromotion,19,11
haspromotion,19,12
haspromotion,19,13
haspromotion,19,14
haspromotion,19,15
haspromotion,19,16
haspromotion,19,17
haspromotion,19,18
haspromotion,19,19
haspromotion,19,20
haspromotion,19,21
haspromotion,19,22
haspromotion,19,23
haspromotion,19,24
haspromotion,19,25
haspromotion,20,1
haspromotion,20,2
haspromotion,20,3
haspromotion,20,4
haspromotion,20,5
haspromotion,20,6
haspromotion,20,7
haspromotion,20,8
haspromotion,20,9
haspromotion,20,10
haspromotion,20,11
haspromotion,20,12
haspromotion,20,13
haspromotion,20,14
haspromotion,20,15
haspromotion,20,16
haspromotion,20,17
haspromotion,20,18
haspromotion,20,19
haspromotion,20,20
haspromotion,20,21
haspromotion,20,22
haspromotion,20,23
haspromotion,20,24
haspromotion,20,25
haspromotion,21,1
haspromotion,21,2
haspromotion,21,3
haspromotion,21,4
haspromotion,21,5
haspromotion,21,6
haspromotion,21,7
haspromotion,21,8
haspromotion,21,9
haspromotion,21,10
haspromotion,21,11
haspromotion,21,12
haspromotion,21,13
haspromotion,21,14
haspromotion,21,15
haspromotion,21,16
haspromotion,21,17
haspromotion,21,18
haspromotion,21,19
haspromotion,21,20
haspromotion,21,21
haspromotion,21,22
haspromotion,21,23
haspromotion,21,24
haspromotion,21,25
haspromotion,22,1
haspromotion,22,2
haspromotion,22,3
haspromotion,22,4
haspromotion,22,5
haspromotion,22,6
haspromotion,22,7
haspromotion,22,8
haspromotion,22,9
haspromotion,22,10
haspromotion,22,11
haspromotion,22,12
haspromotion,22,13
haspromotion,22,14
haspromotion,22,15
haspromotion,22,16
haspromotion,22,17
haspromotion,22,18
haspromotion,22,19
haspromotion,22,20
haspromotion,22,21
haspromotion,22,22
haspromotion,22,23
haspromotion,22,24
haspromotion,22,25
haspromotion,23,1
haspromotion,23,2
haspromotion,23,3
haspromotion,23,4
haspromotion,23,5
haspromotion,23,6
haspromotion,23,7
haspromotion,23,8
haspromotion,23,9
haspromotion,23,10
haspromotion,23,11
haspromotion,23,12
haspromotion,23,13
haspromotion,23,14
haspromotion,23,15
haspromotion,23,16
haspromotion,23,17
haspromotion,23,18
haspromotion,23,19
haspromotion,23,20
haspromotion,23,21
haspromotion,23,22
haspromotion,23,23
haspromotion,23,24
haspromotion,23,25
haspromotion,24,1
haspromotion,24,2
haspromotion,24,3
haspromotion,24,4
haspromotion,24,5
haspromotion,24,6
haspromotion,24,7
haspromotion,24,8
haspromotion,24,9
haspromotion,24,10
haspromotion,24,11
haspromotion,24,12
haspromotion,24,13
haspromotion,24,14
haspromotion,24,15
haspromotion,24,16
haspromotion,24,17
haspromotion,24,18
haspromotion,24,19
haspromotion,24,20
haspromotion,24,21
haspromotion,24,22
haspromotion,24,23
haspromotion,24,24
haspromotion,24,25
haspromotion,25,1
haspromotion,25,2
haspromotion,25,3
haspromotion,25,4
haspromotion,25,5
haspromotion,25,6
haspromotion,25,7
haspromotion,25,8
haspromotion,25,9
haspromotion,25,10
haspromotion,25,11
haspromotion,25,12
haspromotion,25,13
haspromotion,25,14
haspromotion,25,15
haspromotion,25,16
haspromotion,25,17
haspromotion,25,18
haspromotion,25,19
haspromotion,25,20
haspromotion,25,21
haspromotion,25,22
haspromotion,25,23
haspromotion,25,24
haspromotion,25,25
haspromotion,26,1
haspromotion,26,2
haspromotion,26,3
haspromotion,26,4
haspromotion,26,5
haspromotion,26,6
haspromotion,26,7
haspromotion,26,8
haspromotion,26,9
haspromotion,26,10
haspromotion,26,11
haspromotion,26,12
haspromotion,26,13
haspromotion,26,14
haspromotion,26,15
haspromotion,26,16
haspromotion,26,17
haspromotion,26,18
haspromotion,26,19
haspromotion,26,20
haspromotion,26,21
haspromotion,26,22
haspromotion,26,23
haspromotion,26,24
haspromotion,26,25
haspromotion,27,1
haspromotion,27,2
haspromotion,27,3
haspromotion,27,4
haspromotion,27,5
haspromotion,27,6
haspromotion,27,7
haspromotion,27,8
haspromotion,27,9
haspromotion,27,10
haspromotion,27,11
haspromotion,27,12
haspromotion,27,13
haspromotion,27,14
haspromotion,27,15
haspromotion,27,16
haspromotion,27,17
haspromotion,27,18
haspromotion,27,19
haspromotion,27,20
haspromotion,27,21
haspromotion,27,22
haspromotion,27,23
haspromotion,27,24
haspromotion,27,25
haspromotion,28,1
haspromotion,28,2
haspromotion,28,3
haspromotion,28,4
haspromotion,28,5
haspromotion,28,6
haspromotion,28,7
haspromotion,28,8
haspromotion,28,9
haspromotion,28,10
haspromotion,28,11
haspromotion,28,12
haspromotion,28,13
haspromotion,28,14
haspromotion,28,15
haspromotion,28,16
haspromotion,28,17
haspromotion,28,18
haspromotion,28,19
haspromotion,28,20
haspromotion,28,21
haspromotion,28,22
haspromotion,28,23
haspromotion,28,24
haspromotion,28,25
haspromotion,29,1
haspromotion,29,2
haspromotion,29,3
haspromotion,29,4
haspromotion,29,5
haspromotion,29,6
haspromotion,29,7
haspromotion,29,8
haspromotion,29,9
haspromotion,29,10
haspromotion,29,11
haspromotion,29,12
haspromotion,29,13
haspromotion,29,14
haspromotion,29,15
haspromotion,29,16
haspromotion,29,17
haspromotion,29,18
haspromotion,29,19
haspromotion,29,20
haspromotion,29,21
haspromotion,29,22
haspromotion,29,23
haspromotion,29,24
haspromotion,29,25
haspromotion,30,1
haspromotion,30,2
haspromotion,30,3
haspromotion,30,4
haspromotion,30,5
haspromotion,30,6
haspromotion,30,7
haspromotion,30,8
haspromotion,30,9
haspromotion,30,10
haspromotion,30,11
haspromotion,30,12
haspromotion,30,13
haspromotion,30,14
haspromotion,30,15
haspromotion,30,16
haspromotion,30,17
haspromotion,30,18
haspromotion,30,19
haspromotion,30,20
haspromotion,30,21
haspromotion,30,22
haspromotion,30,23
haspromotion,30,24
haspromotion,30,25
haspromotion,31,1
haspromotion,31,2
haspromotion,31,3
haspromotion,31,4
haspromotion,31,5
haspromotion,31,6
haspromotion,31,7
haspromotion,31,8
haspromotion,31,9
haspromotion,31,10
haspromotion,31,11
haspromotion,31,12
haspromotion,31,13
haspromotion,31,14
haspromotion,31,15
haspromotion,31,16
haspromotion,31,17
haspromotion,31,18
haspromotion,31,19
haspromotion,31,20
haspromotion,31,21
haspromotion,31,22
haspromotion,31,23
haspromotion,31,24
haspromotion,31,25
haspromotion,32,1
haspromotion,32,2
haspromotion,32,3
haspromotion,32,4
haspromotion,32,5
haspromotion,32,6
haspromotion,32,7
haspromotion,32,8
haspromotion,32,9
haspromotion,32,10
haspromotion,32,11
haspromotion,32,12
haspromotion,32,13
haspromotion,32,14
haspromotion,32,15
haspromotion,32,16
haspromotion,32,17
haspromotion,32,18
haspromotion,32,19
haspromotion,32,20
haspromotion,32,21
haspromotion,32,22
haspromotion,32,23
haspromotion,32,24
haspromotion,32,25
haspromotion,33,1
haspromotion,33,2
haspromotion,33,3
haspromotion,33,4
haspromotion,33,5
haspromotion,33,6
haspromotion,33,7
haspromotion,33,8
haspromotion,33,9
haspromotion,33,10
haspromotion,33,11
haspromotion,33,12
haspromotion,33,13
haspromotion,33,14
haspromotion,33,15
haspromotion,33,16
haspromotion,33,17
haspromotion,33,18
haspromotion,33,19
haspromotion,33,20
haspromotion,33,21
haspromotion,33,22
haspromotion,33,23
haspromotion,33,24
haspromotion,33,25
haspromotion,34,1
haspromotion,34,2
haspromotion,34,3
haspromotion,34,4
haspromotion,34,5
haspromotion,34,6
haspromotion,34,7
haspromotion,34,8
haspromotion,34,9
haspromotion,34,10
haspromotion,34,11
haspromotion,34,12
haspromotion,34,13
haspromotion,34,14
haspromotion,34,15
haspromotion,34,16
haspromotion,34,17
haspromotion,34,18
haspromotion,34,19
haspromotion,34,20
haspromotion,34,21
haspromotion,34,22
haspromotion,34,23
haspromotion,34,24
haspromotion,34,25
haspromotion,35,1
haspromotion,35,2
haspromotion,35,3
haspromotion,35,4
haspromotion,35,5
haspromotion,35,6
haspromotion,35,7
haspromotion,35,8
haspromotion,35,9
haspromotion,35,10
haspromotion,35,11
haspromotion,35,12
haspromotion,35,13
haspromotion,35,14
haspromotion,35,15
haspromotion,35,16
haspromotion,35,17
haspromotion,35,18
haspromotion,35,19
haspromotion,35,20
haspromotion,35,21
haspromotion,35,22
haspromotion,35,23
haspromotion,35,24
haspromotion,35,25
haspromotion,36,1
haspromotion,36,2
haspromotion,36,3
haspromotion,36,4
haspromotion,36,5
haspromotion,36,6
haspromotion,36,7
haspromotion,36,8
haspromotion,36,9
haspromotion,36,10
haspromotion,36,11
haspromotion,36,12
haspromotion,36,13
haspromotion,36,14
haspromotion,36,15
haspromotion,36,16
haspromotion,36,17
haspromotion,36,18
haspromotion,36,19
haspromotion,36,20
haspromotion,36,21
haspromotion,36,22
haspromotion,36,23
haspromotion,36,24
haspromotion,36,25
haspromotion,37,1
haspromotion,37,2
haspromotion,37,3
haspromotion,37,4
haspromotion,37,5
haspromotion,37,6
haspromotion,37,7
haspromotion,37,8
haspromotion,37,9
haspromotion,37,10
haspromotion,37,11
haspromotion,37,12
haspromotion,37,13
haspromotion,37,14
haspromotion,37,15
haspromotion,37,16
haspromotion,37,17
haspromotion,37,18
haspromotion,37,19
haspromotion,37,20
haspromotion,37,21
haspromotion,37,22
haspromotion,37,23
haspromotion,37,24
haspromotion,37,25
haspromotion,38,1
haspromotion,38,2
haspromotion,38,3
haspromotion,38,4
haspromotion,38,5
haspromotion,38,6
haspromotion,38,7
haspromotion,38,8
haspromotion,38,9
haspromotion,38,10
haspromotion,38,11
haspromotion,38,12
haspromotion,38,13
haspromotion,38,14
haspromotion,38,15
haspromotion,38,16
haspromotion,38,17
haspromotion,38,18
haspromotion,38,19
haspromotion,38,20
haspromotion,38,21
haspromotion,38,22
haspromotion,38,23
haspromotion,38,24
haspromotion,38,25
haspromotion,39,1
haspromotion,39,2
haspromotion,39,3
haspromotion,39,4
haspromotion,39,5
haspromotion,39,6
haspromotion,39,7
haspromotion,39,8
haspromotion,39,9
haspromotion,39,10
haspromotion,39,11
haspromotion,39,12
haspromotion,39,13
haspromotion,39,14
haspromotion,39,15
haspromotion,39,16
haspromotion,39,17
haspromotion,39,18
haspromotion,39,19
haspromotion,39,20
haspromotion,39,21
haspromotion,39,22
haspromotion,39,23
haspromotion,39,24
haspromotion,39,25
haspromotion,40,1
haspromotion,40,2
haspromotion,40,3
haspromotion,40,4
haspromotion,40,5
haspromotion,40,6
haspromotion,40,7
haspromotion,40,8
haspromotion,40,9
haspromotion,40,10
haspromotion,40,11
haspromotion,40,12
haspromotion,40,13
haspromotion,40,14
haspromotion,40,15
haspromotion,40,16
haspromotion,40,17
haspromotion,40,18
haspromotion,40,19
haspromotion,40,20
haspromotion,40,21
haspromotion,40,22
haspromotion,40,23
haspromotion,40,24
haspromotion,40,25
haspromotion,41,1
haspromotion,41,2
haspromotion,41,3
haspromotion,41,4
haspromotion,41,5
haspromotion,41,6
haspromotion,41,7
haspromotion,41,8
haspromotion,41,9
haspromotion,41,10
haspromotion,41,11
haspromotion,41,12
haspromotion,41,13
haspromotion,41,14
haspromotion,41,15
haspromotion,41,16
haspromotion,41,17
haspromotion,41,18
haspromotion,41,19
haspromotion,41,20
haspromotion,41,21
haspromotion,41,22
haspromotion,41,23
haspromotion,41,24
haspromotion,41,25
haspromotion,42,1
haspromotion,42,2
haspromotion,42,3
haspromotion,42,4
haspromotion,42,5
haspromotion,42,6
haspromotion,42,7
haspromotion,42,8
haspromotion,42,9
haspromotion,42,10
haspromotion,42,11
haspromotion,42,12
haspromotion,42,13
haspromotion,42,14
haspromotion,42,15
haspromotion,42,16
haspromotion,42,17
haspromotion,42,18
haspromotion,42,19
haspromotion,42,20
haspromotion,42,21
haspromotion,42,22
haspromotion,42,23
haspromotion,42,24
haspromotion,42,25
haspromotion,43,1
haspromotion,43,2
haspromotion,43,3
haspromotion,43,4
haspromotion,43,5
haspromotion,43,6
haspromotion,43,7
haspromotion,43,8
haspromotion,43,9
haspromotion,43,10
haspromotion,43,11
haspromotion,43,12
haspromotion,43,13
haspromotion,43,14
haspromotion,43,15
haspromotion,43,16
haspromotion,43,17
haspromotion,43,18
haspromotion,43,19
haspromotion,43,20
haspromotion,43,21
haspromotion,43,22
haspromotion,43,23
haspromotion,43,24
haspromotion,43,25
haspromotion,44,1
haspromotion,44,2
haspromotion,44,3
haspromotion,44,4
haspromotion,44,5
haspromotion,44,6
haspromotion,44,7
haspromotion,44,8
haspromotion,44,9
haspromotion,44,10
haspromotion,44,11
haspromotion,44,12
haspromotion,44,13
haspromotion,44,14
haspromotion,44,15
haspromotion,44,16
haspromotion,44,17
haspromotion,44,18
haspromotion,44,19
haspromotion,44,20
haspromotion,44,21
haspromotion,44,22
haspromotion,44,23
haspromotion,44,24
haspromotion,44,25
haspromotion,45,1
haspromotion,45,2
haspromotion,45,3
haspromotion,45,4
haspromotion,45,5
haspromotion,45,6
haspromotion,45,7
haspromotion,45,8
haspromotion,45,9
haspromotion,45,10
haspromotion,45,11
haspromotion,45,12
haspromotion,45,13
haspromotion,45,14
haspromotion,45,15
haspromotion,45,16
haspromotion,45,17
haspromotion,45,18
haspromotion,45,19
haspromotion,45,20
haspromotion,45,21
haspromotion,45,22
haspromotion,45,23
haspromotion,45,24
haspromotion,45,25
haspromotion,46,1
haspromotion,46,2
haspromotion,46,3
haspromotion,46,4
haspromotion,46,5
haspromotion,46,6
haspromotion,46,7
haspromotion,46,8
haspromotion,46,9
haspromotion,46,10
haspromotion,46,11
haspromotion,46,12
haspromotion,46,13
haspromotion,46,14
haspromotion,46,15
haspromotion,46,16
haspromotion,46,17
haspromotion,46,18
haspromotion,46,19
haspromotion,46,20
haspromotion,46,21
haspromotion,46,22
haspromotion,46,23
haspromotion,46,24
haspromotion,46,25
haspromotion,47,1
haspromotion,47,2
haspromotion,47,3
haspromotion,47,4
haspromotion,47,5
haspromotion,47,6
haspromotion,47,7
haspromotion,47,8
haspromotion,47,9
haspromotion,47,10
haspromotion,47,11
haspromotion,47,12
haspromotion,47,13
haspromotion,47,14
haspromotion,47,15
haspromotion,47,16
haspromotion,47,17
haspromotion,47,18
haspromotion,47,19
haspromotion,47,20
haspromotion,47,21
haspromotion,47,22
haspromotion,47,23
haspromotion,47,24
haspromotion,47,25
haspromotion,48,1
haspromotion,48,2
haspromotion,48,3
haspromotion,48,4
haspromotion,48,5
haspromotion,48,6
haspromotion,48,7
haspromotion,48,8
haspromotion,48,9
haspromotion,48,10
haspromotion,48,11
haspromotion,48,12
haspromotion,48,13
haspromotion,48,14
haspromotion,48,15
haspromotion,48,16
haspromotion,48,17
haspromotion,48,18
haspromotion,48,19
haspromotion,48,20
haspromotion,48,21
haspromotion,48,22
haspromotion,48,23
haspromotion,48,24
haspromotion,48,25
haspromotion,49,1
haspromotion,49,2
haspromotion,49,3
haspromotion,49,4
haspromotion,49,5
haspromotion,49,6
haspromotion,49,7
haspromotion,49,8
haspromotion,49,9
haspromotion,49,10
haspromotion,49,11
haspromotion,49,12
haspromotion,49,13
haspromotion,49,14
haspromotion,49,15
haspromotion,49,16
haspromotion,49,17
haspromotion,49,18
haspromotion,49,19
haspromotion,49,20
haspromotion,49,21
haspromotion,49,22
haspromotion,49,23
haspromotion,49,24
haspromotion,49,25
haspromotion,50,1
haspromotion,50,2
haspromotion,50,3
haspromotion,50,4
haspromotion,50,5
haspromotion,50,6
haspromotion,50,7
haspromotion,50,8
haspromotion,50,9
haspromotion,50,10
haspromotion,50,11
haspromotion,50,12
haspromotion,50,13
haspromotion,50,14
haspromotion,50,15
haspromotion,50,16
haspromotion,50,17
haspromotion,50,18
haspromotion,50,19
haspromotion,50,20
haspromotion,50,21
haspromotion,50,22
haspromotion,50,23
haspromotion,50,24
haspromotion,50,25
